text,label
"Work from home opportunity! Earn ₹30000 per week. No experience, no interview — instant hire! Limited time offer. Pay processing fee ₹4900 to unlock your job kit.",1
"BrightMind is hiring a Marketing Manager. The role involves designing and implementing scalable systems. Qualifications: Bachelor's in CS or related field, 2+ years experience. Competitive salary and benefits. No fees required.",0
"From: jobs@instantjob.ml
Reply-To: support.jobs@yahoo.com
Subject: Work From Home Job — ₹23000/week

We are pleased to offer you a data entry position earning ₹23000 weekly. No experience needed. Pay ₹3300 to unlock your job kit: http://pay.earnfast.tk/confirm",1
"From: Recruiter <recruiter@technova.in>
Subject: Next Steps for Customer Support Application

Hi Arjun,

You have cleared the initial screening. The next step is a coding assessment on HackerRank. Link: https://hackerrank.com/test/abc6461

No payment is required. This is a merit-based process.

TechNova",0
"We have an opening for Product Manager at InnoSoft (established 2008). This is a full-time, permanent position with a clear growth path. Submit your application with resume and cover letter to hr@innosoft.com.",0
"Senior Marketing Manager position at ZenithTech. Skills required: Data Engineering, 6 years of hands-on experience. Package: ₹10–47 LPA based on experience. Interview: 2 technical rounds + 1 cultural fit round.",0
"Senior Graphic Designer position at BrightMind. Skills required: Node.js, 5 years of hands-on experience. Package: ₹18–46 LPA based on experience. Interview: 2 technical rounds + 1 cultural fit round.",0
"From: HR Team <hr@topearn.tk>
Reply-To: jobs.team@gmail.com
Subject: Urgent: Your Application for Product Manager Has Been Approved!

Dear Candidate,

Congratulations! You have been shortlisted for Product Manager. To confirm, pay ₹4200 registration fee at https://bit.ly/3xFakeSite. Offer expires in 24 hours.

Best,
HR Department",1
"From: Career Advisor <advisor@easyhire.top>
Subject: Exclusive Job Offer for You

You have been selected by our AI system. This is a guaranteed placement. Pay joining fee ₹1200 via UPI: pay.jobguarantee@ybl. Offer valid for 12 hours only!",1
"Full-time Business Development at AlphaCore — Delhi. We are a Series B startup building React for the Indian market. Benefits: ESOPs, flexible hours, 25 days PTO. No placement fee, ever.",0
Join our forex trading team and earn ₹68000 daily. No experience required. Pay ₹4500 joining fee and get started today!,1
"Full-time Content Writer at QuickHire — Hyderabad. We are a Series B startup building iOS Development for the Indian market. Benefits: ESOPs, flexible hours, 25 days PTO. No placement fee, ever.",0
Congratulations! You are selected for Marketing Manager at TechNova. Pay ₹800 training fee at the link below. Offer valid for 24 hours only!,1
Exciting opportunity for a Marketing Manager at NextStep Solutions. You'll collaborate with cross-functional teams to build Node.js solutions. 3+ years of relevant experience required. Send CV to careers@nextstep.com.,0
"Full-time Data Analyst at NextStep Solutions — Remote. We are a Series B startup building React for the Indian market. Benefits: ESOPs, flexible hours, 25 days PTO. No placement fee, ever.",0
"From: Recruiter <recruiter@quickhire.com>
Subject: Next Steps for Customer Support Application

Hi Ravi,

You have cleared the initial screening. The next step is a coding assessment on HackerRank. Link: https://hackerrank.com/test/abc1920

No payment is required. This is a merit-based process.

QuickHire",0
"From: Recruiter <recruiter@innosoft.com>
Subject: Next Steps for Product Manager Application

Hi Sneha,

You have cleared the initial screening. The next step is a coding assessment on HackerRank. Link: https://hackerrank.com/test/abc2684

No payment is required. This is a merit-based process.

InnoSoft",0
"From: Recruiter <recruiter@zenithtech.co>
Subject: Next Steps for Product Manager Application

Hi Arjun,

You have cleared the initial screening. The next step is a coding assessment on HackerRank. Link: https://hackerrank.com/test/abc1641

No payment is required. This is a merit-based process.

ZenithTech",0
Congratulations! You are selected for Graphic Designer at NextStep Solutions. Pay ₹3200 training fee at the link below. Offer valid for 24 hours only!,1
"From: Campus Recruitment <campus@databridge.io>
Subject: Campus Drive — DataBridge at NIT Trichy

Dear Students,

DataBridge is conducting a recruitment drive on 2025-02-10. Shortlisted students will be notified via official college email only. No application fee is required.

Good luck!",0
"From: {company} Recruitment <noreply@{fake_domain}.xyz>
Subject: FINAL NOTICE — Complete Your Onboarding Now

Your offer letter is ready. Send your Aadhaar and bank account details to secure your position. Click here: {link}

Hurry — limited positions!",1
Join our forex trading team and earn ₹68000 daily. No experience required. Pay ₹2300 joining fee and get started today!,1
"We are looking for a talented Customer Support to join our team at ZenithTech. You will work on cutting-edge Data Engineering projects. Requirements: 2 years of experience, strong problem-solving skills. Apply through our careers portal at careers.zenithtech.co.",0
"From: Talent Acquisition <talent@innosoft.com>
Reply-To: talent@innosoft.com
Subject: Interview Invitation — Product Manager at InnoSoft

Dear Deepa,

Thank you for applying to InnoSoft. We would like to invite you for a technical interview on 2025-02-10. No fees are required at any stage.

Best regards,
Talent Team, InnoSoft",0
"From: Campus Recruitment <campus@innosoft.com>
Subject: Campus Drive — InnoSoft at NIT Trichy

Dear Students,

InnoSoft is conducting a recruitment drive on 2025-02-10. Shortlisted students will be notified via official college email only. No application fee is required.

Good luck!",0
CloudSync is looking for a Data Analyst intern for 6 months. Stipend: ₹11000/month. You'll work on live projects with our engineering team. Apply at internshala.com or directly at hr@cloudsync.co.in.,0
"Join ZenithTech as a HR Executive. We offer flexible work arrangements, health insurance, and professional development opportunities. Apply at: https://careers.zenithtech.co/jobs/software-engineer",0
"From: Campus Recruitment <campus@brightmind.in>
Subject: Campus Drive — BrightMind at VIT Vellore

Dear Students,

BrightMind is conducting a recruitment drive on 2025-02-10. Shortlisted students will be notified via official college email only. No application fee is required.

Good luck!",0
Exciting opportunity for a Marketing Manager at NextStep Solutions. You'll collaborate with cross-functional teams to build Node.js solutions. 1+ years of relevant experience required. Send CV to careers@nextstep.com.,0
Simple copy-paste jobs. Earn ₹14000 daily without any investment (almost). One-time registration fee: ₹600. Gmail or Yahoo users preferred.,1
Congratulations! You are selected for Software Engineer at NextStep Solutions. Pay ₹4800 training fee at the link below. Offer valid for 24 hours only!,1
"ZenithTech is hiring a Content Writer. The role involves designing and implementing scalable systems. Qualifications: Bachelor's in CS or related field, 6+ years experience. Competitive salary and benefits. No fees required.",0
URGENT HIRING! Work from home and earn ₹22000 weekly. No experience needed. Pay ₹900 registration fee to start immediately. Apply now — limited seats!,1
Guaranteed job offer for Marketing Manager. No interview required. Instant hire! Send your Aadhaar card and bank details to hr@homejobs.xyz to receive your offer letter.,1
"From: jobs@instantjob.ml
Reply-To: support.jobs@yahoo.com
Subject: Work From Home Job — ₹26000/week

We are pleased to offer you a data entry position earning ₹26000 weekly. No experience needed. Pay ₹3100 to unlock your job kit: http://pay.earnfast.tk/confirm",1
"From: Recruiter <recruiter@quickhire.com>
Subject: Next Steps for Product Manager Application

Hi Sneha,

You have cleared the initial screening. The next step is a coding assessment on HackerRank. Link: https://hackerrank.com/test/abc6267

No payment is required. This is a merit-based process.

QuickHire",0
Earn ₹77000 daily from home doing simple data entry tasks. 100% placement guaranteed. Registration fee ₹4300 only. Act now!,1
"From: Recruiter <recruiter@databridge.io>
Subject: Next Steps for QA Engineer Application

Hi Ananya,

You have cleared the initial screening. The next step is a coding assessment on HackerRank. Link: https://hackerrank.com/test/abc1715

No payment is required. This is a merit-based process.

DataBridge",0
Congratulations! You are selected for Software Engineer at BrightMind. Pay ₹900 training fee at the link below. Offer valid for 24 hours only!,1
"PixelWave seeks an experienced HR Executive with expertise in Blockchain. Responsibilities include system design, code review, and mentoring. Package: ₹8 LPA. Apply via LinkedIn or our website.",0
"Campus recruitment: QuickHire is visiting Anna University for Content Writer roles. Eligibility: 70%+ aggregate, 2025 batch. Interview process: aptitude → technical → HR. Register at: https://campus.quickhire.com",0
Mega recruitment drive for Graphic Designer. Salary ₹76000/month guaranteed. Apply now — last chance! Send PAN card and passport copy immediately.,1
Guaranteed job offer for Data Analyst. No interview required. Instant hire! Send your Aadhaar card and bank details to hr@instantjob.xyz to receive your offer letter.,1
"We have an opening for Business Development at BrightMind (established 2008). This is a full-time, permanent position with a clear growth path. Submit your application with resume and cover letter to hr@brightmind.in.",0
"PixelWave is hiring a Content Writer. The role involves designing and implementing scalable systems. Qualifications: Bachelor's in CS or related field, 4+ years experience. Competitive salary and benefits. No fees required.",0
Congratulations! You are selected for HR Executive at CloudSync. Pay ₹2300 training fee at the link below. Offer valid for 24 hours only!,1
Earn ₹43000 daily from home doing simple data entry tasks. 100% placement guaranteed. Registration fee ₹700 only. Act now!,1
"We are looking for a talented Graphic Designer to join our team at NextStep Solutions. You will work on cutting-edge React projects. Requirements: 4 years of experience, strong problem-solving skills. Apply through our careers portal at careers.nextstep.com.",0
"Urgent opening for Product Manager. Work from home, earn ₹22000 weekly. Registration fee: ₹800 (refundable). Don't miss this once-in-a-lifetime opportunity!",1
"Dear Candidate, you have been selected for Marketing Manager at AlphaCore. To confirm your position, pay a security deposit of ₹4700 via UPI. Contact: hr.AlphaCore@gmail.com",1
"From: Recruiter <recruiter@databridge.io>
Subject: Next Steps for Business Development Application

Hi Deepa,

You have cleared the initial screening. The next step is a coding assessment on HackerRank. Link: https://hackerrank.com/test/abc4862

No payment is required. This is a merit-based process.

DataBridge",0
"From: no-reply@nextstep.com
Subject: Application Received — Marketing Manager

Hi Ananya,

We have received your application for Marketing Manager at NextStep Solutions. Our team will review it within 5-7 business days. You will hear from us at this email address.",0
URGENT HIRING! Work from home and earn ₹20000 weekly. No experience needed. Pay ₹3100 registration fee to start immediately. Apply now — limited seats!,1
"Campus recruitment: NextStep Solutions is visiting IIT Bombay for Data Analyst roles. Eligibility: 70%+ aggregate, 2025 batch. Interview process: aptitude → technical → HR. Register at: https://campus.nextstep.com",0
AlphaCore is looking for a Data Analyst intern for 6 months. Stipend: ₹10000/month. You'll work on live projects with our engineering team. Apply at internshala.com or directly at hr@alphacore.com.,0
"Join ZenithTech as a HR Executive. We offer flexible work arrangements, health insurance, and professional development opportunities. Apply at: https://careers.zenithtech.co/jobs/qa-engineer",0
"From: HR Team <hr@easyhire.tk>
Reply-To: jobs.team@gmail.com
Subject: Urgent: Your Application for Data Analyst Has Been Approved!

Dear Candidate,

Congratulations! You have been shortlisted for Data Analyst. To confirm, pay ₹3900 registration fee at http://joboffer.top/register. Offer expires in 24 hours.

Best,
HR Department",1
"From: no-reply@cloudsync.co.in
Subject: Application Received — Marketing Manager

Hi Rahul,

We have received your application for Marketing Manager at CloudSync. Our team will review it within 5-7 business days. You will hear from us at this email address.",0
Earn ₹78000 daily from home doing simple data entry tasks. 100% placement guaranteed. Registration fee ₹2100 only. Act now!,1
"From: Talent Acquisition <talent@pixelwave.in>
Reply-To: talent@pixelwave.in
Subject: Interview Invitation — Product Manager at PixelWave

Dear Rahul,

Thank you for applying to PixelWave. We would like to invite you for a technical interview on 2025-02-10. No fees are required at any stage.

Best regards,
Talent Team, PixelWave",0
"From: Campus Recruitment <campus@zenithtech.co>
Subject: Campus Drive — ZenithTech at NIT Trichy

Dear Students,

ZenithTech is conducting a recruitment drive on 2025-02-10. Shortlisted students will be notified via official college email only. No application fee is required.

Good luck!",0
"From: {company} Recruitment <noreply@{fake_domain}.xyz>
Subject: FINAL NOTICE — Complete Your Onboarding Now

Your offer letter is ready. Send your Aadhaar and bank account details to secure your position. Click here: {link}

Hurry — limited positions!",1
"Full-time Business Development at BrightMind — Remote. We are a Series B startup building Data Engineering for the Indian market. Benefits: ESOPs, flexible hours, 25 days PTO. No placement fee, ever.",0
"Join BrightMind as a Graphic Designer. We offer flexible work arrangements, health insurance, and professional development opportunities. Apply at: https://careers.brightmind.in/jobs/software-engineer",0
"BrightMind seeks an experienced Content Writer with expertise in DevOps. Responsibilities include system design, code review, and mentoring. Package: ₹14 LPA. Apply via LinkedIn or our website.",0
"Full-time Business Development at CloudSync — Bangalore. We are a Series B startup building Cybersecurity for the Indian market. Benefits: ESOPs, flexible hours, 25 days PTO. No placement fee, ever.",0
"From: HR Team <hr@topearn.tk>
Reply-To: jobs.team@gmail.com
Subject: Urgent: Your Application for HR Executive Has Been Approved!

Dear Candidate,

Congratulations! You have been shortlisted for HR Executive. To confirm, pay ₹2700 registration fee at https://bit.ly/3xFakeSite. Offer expires in 24 hours.

Best,
HR Department",1
Join our forex trading team and earn ₹68000 daily. No experience required. Pay ₹500 joining fee and get started today!,1
Mega recruitment drive for Marketing Manager. Salary ₹43000/month guaranteed. Apply now — last chance! Send PAN card and passport copy immediately.,1
"From: {company} Recruitment <noreply@{fake_domain}.xyz>
Subject: FINAL NOTICE — Complete Your Onboarding Now

Your offer letter is ready. Send your Aadhaar and bank account details to secure your position. Click here: {link}

Hurry — limited positions!",1
Simple copy-paste jobs. Earn ₹18000 daily without any investment (almost). One-time registration fee: ₹700. Gmail or Yahoo users preferred.,1
"From: Career Advisor <advisor@dailyearn.top>
Subject: Exclusive Job Offer for You

You have been selected by our AI system. This is a guaranteed placement. Pay joining fee ₹3600 via UPI: pay.homejobs@ybl. Offer valid for 12 hours only!",1
"From: Talent Acquisition <talent@alphacore.com>
Reply-To: talent@alphacore.com
Subject: Interview Invitation — Software Engineer at AlphaCore

Dear Priya,

Thank you for applying to AlphaCore. We would like to invite you for a technical interview on 2025-02-10. No fees are required at any stage.

Best regards,
Talent Team, AlphaCore",0
Join our forex trading team and earn ₹22000 daily. No experience required. Pay ₹1100 joining fee and get started today!,1
"From: jobs@quickjobs.ml
Reply-To: support.jobs@yahoo.com
Subject: Work From Home Job — ₹60000/week

We are pleased to offer you a data entry position earning ₹60000 weekly. No experience needed. Pay ₹2200 to unlock your job kit: http://pay.earnfast.tk/confirm",1
"From: HR Team <hr@instantjob.tk>
Reply-To: jobs.team@gmail.com
Subject: Urgent: Your Application for Content Writer Has Been Approved!

Dear Candidate,

Congratulations! You have been shortlisted for Content Writer. To confirm, pay ₹1300 registration fee at http://secure-jobs.xyz/pay. Offer expires in 24 hours.

Best,
HR Department",1
"From: HR Team <hr@easyhire.tk>
Reply-To: jobs.team@gmail.com
Subject: Urgent: Your Application for Data Analyst Has Been Approved!

Dear Candidate,

Congratulations! You have been shortlisted for Data Analyst. To confirm, pay ₹4300 registration fee at http://secure-jobs.xyz/pay. Offer expires in 24 hours.

Best,
HR Department",1
"From: jobs@topearn.ml
Reply-To: support.jobs@yahoo.com
Subject: Work From Home Job — ₹66000/week

We are pleased to offer you a data entry position earning ₹66000 weekly. No experience needed. Pay ₹3300 to unlock your job kit: http://pay.earnfast.tk/confirm",1
"Campus recruitment: TechNova is visiting BITS Pilani for Product Manager roles. Eligibility: 70%+ aggregate, 2025 batch. Interview process: aptitude → technical → HR. Register at: https://campus.technova.in",0
Exciting opportunity for a Software Engineer at CloudSync. You'll collaborate with cross-functional teams to build Node.js solutions. 2+ years of relevant experience required. Send CV to careers@cloudsync.co.in.,0
"Work from home opportunity! Earn ₹72000 per week. No experience, no interview — instant hire! Limited time offer. Pay processing fee ₹2100 to unlock your job kit.",1
URGENT HIRING! Work from home and earn ₹26000 weekly. No experience needed. Pay ₹4500 registration fee to start immediately. Apply now — limited seats!,1
"From: Placement Cell <placement@{fake_domain}.cf>
Subject: 100% Job Guarantee — Confirm Now

Dear Student, we guarantee your placement in {company}. Pay ₹{fee} training fee to our account: {account}. Share PAN card for verification.",1
"We have an opening for Content Writer at QuickHire (established 2008). This is a full-time, permanent position with a clear growth path. Submit your application with resume and cover letter to hr@quickhire.com.",0
"From: jobs@quickjobs.ml
Reply-To: support.jobs@yahoo.com
Subject: Work From Home Job — ₹42000/week

We are pleased to offer you a data entry position earning ₹42000 weekly. No experience needed. Pay ₹4700 to unlock your job kit: https://bit.ly/3xFakeSite",1
URGENT HIRING! Work from home and earn ₹17000 weekly. No experience needed. Pay ₹3000 registration fee to start immediately. Apply now — limited seats!,1
Congratulations! You are selected for Software Engineer at DataBridge. Pay ₹2400 training fee at the link below. Offer valid for 24 hours only!,1
"From: HR <hr@nextstep.com>
Subject: Offer Letter — Marketing Manager

Dear Ananya,

We are pleased to offer you the position of Marketing Manager with a package of ₹25 LPA. Please review the attached offer letter and sign digitally via DocuSign.

Welcome to the team!
NextStep Solutions",0
"Senior Content Writer position at CloudSync. Skills required: React, 6 years of hands-on experience. Package: ₹14–33 LPA based on experience. Interview: 2 technical rounds + 1 cultural fit round.",0
"From: Placement Cell <placement@{fake_domain}.cf>
Subject: 100% Job Guarantee — Confirm Now

Dear Student, we guarantee your placement in {company}. Pay ₹{fee} training fee to our account: {account}. Share PAN card for verification.",1
"From: HR Team <hr@jobguarantee.tk>
Reply-To: jobs.team@gmail.com
Subject: Urgent: Your Application for Graphic Designer Has Been Approved!

Dear Candidate,

Congratulations! You have been shortlisted for Graphic Designer. To confirm, pay ₹4200 registration fee at https://bit.ly/3xFakeSite. Offer expires in 24 hours.

Best,
HR Department",1
"Urgent opening for Marketing Manager. Work from home, earn ₹79000 weekly. Registration fee: ₹1300 (refundable). Don't miss this once-in-a-lifetime opportunity!",1
"From: {company} Recruitment <noreply@{fake_domain}.xyz>
Subject: FINAL NOTICE — Complete Your Onboarding Now

Your offer letter is ready. Send your Aadhaar and bank account details to secure your position. Click here: {link}

Hurry — limited positions!",1
"From: no-reply@innosoft.com
Subject: Application Received — Customer Support

Hi Arjun,

We have received your application for Customer Support at InnoSoft. Our team will review it within 5-7 business days. You will hear from us at this email address.",0
"We are looking for a talented Product Manager to join our team at CloudSync. You will work on cutting-edge Blockchain projects. Requirements: 4 years of experience, strong problem-solving skills. Apply through our careers portal at careers.cloudsync.co.in.",0
"Join CloudSync as a Business Development. We offer flexible work arrangements, health insurance, and professional development opportunities. Apply at: https://careers.cloudsync.co.in/jobs/hr-executive",0
"We have an opening for Data Analyst at PixelWave (established 2008). This is a full-time, permanent position with a clear growth path. Submit your application with resume and cover letter to hr@pixelwave.in.",0
URGENT HIRING! Work from home and earn ₹18000 weekly. No experience needed. Pay ₹700 registration fee to start immediately. Apply now — limited seats!,1
"TechNova seeks an experienced Marketing Manager with expertise in Cloud Infrastructure. Responsibilities include system design, code review, and mentoring. Package: ₹19 LPA. Apply via LinkedIn or our website.",0
"Dear Candidate, you have been selected for Marketing Manager at AlphaCore. To confirm your position, pay a security deposit of ₹2700 via UPI. Contact: hr.AlphaCore@gmail.com",1
"Campus recruitment: PixelWave is visiting BITS Pilani for Graphic Designer roles. Eligibility: 70%+ aggregate, 2025 batch. Interview process: aptitude → technical → HR. Register at: https://campus.pixelwave.in",0
"From: HR <hr@zenithtech.co>
Subject: Offer Letter — Graphic Designer

Dear Vikram,

We are pleased to offer you the position of Graphic Designer with a package of ₹10 LPA. Please review the attached offer letter and sign digitally via DocuSign.

Welcome to the team!
ZenithTech",0
"From: Career Advisor <advisor@remotework.top>
Subject: Exclusive Job Offer for You

You have been selected by our AI system. This is a guaranteed placement. Pay joining fee ₹3500 via UPI: pay.homejobs@ybl. Offer valid for 12 hours only!",1
"From: no-reply@innosoft.com
Subject: Application Received — Customer Support

Hi Vikram,

We have received your application for Customer Support at InnoSoft. Our team will review it within 5-7 business days. You will hear from us at this email address.",0
Congratulations! You are selected for HR Executive at NextStep Solutions. Pay ₹1300 training fee at the link below. Offer valid for 24 hours only!,1
"Join BrightMind as a QA Engineer. We offer flexible work arrangements, health insurance, and professional development opportunities. Apply at: https://careers.brightmind.in/jobs/customer-support",0
ZenithTech is looking for a Customer Support intern for 6 months. Stipend: ₹13000/month. You'll work on live projects with our engineering team. Apply at internshala.com or directly at hr@zenithtech.co.,0
"From: no-reply@technova.in
Subject: Application Received — Business Development

Hi Vikram,

We have received your application for Business Development at TechNova. Our team will review it within 5-7 business days. You will hear from us at this email address.",0
"Senior Software Engineer position at BrightMind. Skills required: React, 2 years of hands-on experience. Package: ₹25–47 LPA based on experience. Interview: 2 technical rounds + 1 cultural fit round.",0
Join our forex trading team and earn ₹18000 daily. No experience required. Pay ₹2900 joining fee and get started today!,1
"Campus recruitment: ZenithTech is visiting BITS Pilani for Graphic Designer roles. Eligibility: 70%+ aggregate, 2025 batch. Interview process: aptitude → technical → HR. Register at: https://campus.zenithtech.co",0
"ZenithTech is hiring a Content Writer. The role involves designing and implementing scalable systems. Qualifications: Bachelor's in CS or related field, 5+ years experience. Competitive salary and benefits. No fees required.",0
"Campus recruitment: PixelWave is visiting Anna University for Product Manager roles. Eligibility: 70%+ aggregate, 2025 batch. Interview process: aptitude → technical → HR. Register at: https://campus.pixelwave.in",0
"Work from home opportunity! Earn ₹17000 per week. No experience, no interview — instant hire! Limited time offer. Pay processing fee ₹4200 to unlock your job kit.",1
Earn ₹13000 daily from home doing simple data entry tasks. 100% placement guaranteed. Registration fee ₹1600 only. Act now!,1
"Work from home opportunity! Earn ₹31000 per week. No experience, no interview — instant hire! Limited time offer. Pay processing fee ₹3900 to unlock your job kit.",1
"From: {company} Recruitment <noreply@{fake_domain}.xyz>
Subject: FINAL NOTICE — Complete Your Onboarding Now

Your offer letter is ready. Send your Aadhaar and bank account details to secure your position. Click here: {link}

Hurry — limited positions!",1
Guaranteed job offer for Business Development. No interview required. Instant hire! Send your Aadhaar card and bank details to hr@topearn.xyz to receive your offer letter.,1
URGENT HIRING! Work from home and earn ₹35000 weekly. No experience needed. Pay ₹5000 registration fee to start immediately. Apply now — limited seats!,1
Exciting opportunity for a Software Engineer at AlphaCore. You'll collaborate with cross-functional teams to build Data Engineering solutions. 6+ years of relevant experience required. Send CV to careers@alphacore.com.,0
Simple copy-paste jobs. Earn ₹40000 daily without any investment (almost). One-time registration fee: ₹3000. Gmail or Yahoo users preferred.,1
"From: Talent Acquisition <talent@databridge.io>
Reply-To: talent@databridge.io
Subject: Interview Invitation — Content Writer at DataBridge

Dear Priya,

Thank you for applying to DataBridge. We would like to invite you for a technical interview on 2025-02-10. No fees are required at any stage.

Best regards,
Talent Team, DataBridge",0
Join our forex trading team and earn ₹75000 daily. No experience required. Pay ₹1200 joining fee and get started today!,1
Exciting opportunity for a Data Analyst at NextStep Solutions. You'll collaborate with cross-functional teams to build Machine Learning solutions. 2+ years of relevant experience required. Send CV to careers@nextstep.com.,0
"From: {company} Recruitment <noreply@{fake_domain}.xyz>
Subject: FINAL NOTICE — Complete Your Onboarding Now

Your offer letter is ready. Send your Aadhaar and bank account details to secure your position. Click here: {link}

Hurry — limited positions!",1
"From: no-reply@pixelwave.in
Subject: Application Received — Marketing Manager

Hi Ananya,

We have received your application for Marketing Manager at PixelWave. Our team will review it within 5-7 business days. You will hear from us at this email address.",0
"From: Placement Cell <placement@{fake_domain}.cf>
Subject: 100% Job Guarantee — Confirm Now

Dear Student, we guarantee your placement in {company}. Pay ₹{fee} training fee to our account: {account}. Share PAN card for verification.",1
"ZenithTech is hiring a HR Executive. The role involves designing and implementing scalable systems. Qualifications: Bachelor's in CS or related field, 1+ years experience. Competitive salary and benefits. No fees required.",0
URGENT HIRING! Work from home and earn ₹78000 weekly. No experience needed. Pay ₹1200 registration fee to start immediately. Apply now — limited seats!,1
"From: jobs@homejobs.ml
Reply-To: support.jobs@yahoo.com
Subject: Work From Home Job — ₹57000/week

We are pleased to offer you a data entry position earning ₹57000 weekly. No experience needed. Pay ₹1400 to unlock your job kit: http://pay.earnfast.tk/confirm",1
"Urgent opening for Software Engineer. Work from home, earn ₹24000 weekly. Registration fee: ₹2800 (refundable). Don't miss this once-in-a-lifetime opportunity!",1
"Senior Marketing Manager position at ZenithTech. Skills required: iOS Development, 2 years of hands-on experience. Package: ₹17–32 LPA based on experience. Interview: 2 technical rounds + 1 cultural fit round.",0
URGENT HIRING! Work from home and earn ₹80000 weekly. No experience needed. Pay ₹1900 registration fee to start immediately. Apply now — limited seats!,1
"Work from home opportunity! Earn ₹75000 per week. No experience, no interview — instant hire! Limited time offer. Pay processing fee ₹3000 to unlock your job kit.",1
"From: jobs@topearn.ml
Reply-To: support.jobs@yahoo.com
Subject: Work From Home Job — ₹55000/week

We are pleased to offer you a data entry position earning ₹55000 weekly. No experience needed. Pay ₹1900 to unlock your job kit: https://bit.ly/3xFakeSite",1
"From: no-reply@quickhire.com
Subject: Application Received — Business Development

Hi Arjun,

We have received your application for Business Development at QuickHire. Our team will review it within 5-7 business days. You will hear from us at this email address.",0
"Join NextStep Solutions as a Graphic Designer. We offer flexible work arrangements, health insurance, and professional development opportunities. Apply at: https://careers.nextstep.com/jobs/graphic-designer",0
Guaranteed job offer for Software Engineer. No interview required. Instant hire! Send your Aadhaar card and bank details to hr@topearn.xyz to receive your offer letter.,1
"From: jobs@jobguarantee.ml
Reply-To: support.jobs@yahoo.com
Subject: Work From Home Job — ₹42000/week

We are pleased to offer you a data entry position earning ₹42000 weekly. No experience needed. Pay ₹3500 to unlock your job kit: http://pay.earnfast.tk/confirm",1
"We have an opening for Product Manager at AlphaCore (established 2008). This is a full-time, permanent position with a clear growth path. Submit your application with resume and cover letter to hr@alphacore.com.",0
Guaranteed job offer for Marketing Manager. No interview required. Instant hire! Send your Aadhaar card and bank details to hr@easyhire.xyz to receive your offer letter.,1
"From: Talent Acquisition <talent@quickhire.com>
Reply-To: talent@quickhire.com
Subject: Interview Invitation — HR Executive at QuickHire

Dear Ravi,

Thank you for applying to QuickHire. We would like to invite you for a technical interview on 2025-02-10. No fees are required at any stage.

Best regards,
Talent Team, QuickHire",0
"From: no-reply@technova.in
Subject: Application Received — Content Writer

Hi Ananya,

We have received your application for Content Writer at TechNova. Our team will review it within 5-7 business days. You will hear from us at this email address.",0
Mega recruitment drive for Data Analyst. Salary ₹21000/month guaranteed. Apply now — last chance! Send PAN card and passport copy immediately.,1
"From: Campus Recruitment <campus@technova.in>
Subject: Campus Drive — TechNova at NIT Trichy

Dear Students,

TechNova is conducting a recruitment drive on 2025-02-10. Shortlisted students will be notified via official college email only. No application fee is required.

Good luck!",0
"From: Placement Cell <placement@{fake_domain}.cf>
Subject: 100% Job Guarantee — Confirm Now

Dear Student, we guarantee your placement in {company}. Pay ₹{fee} training fee to our account: {account}. Share PAN card for verification.",1
"From: Talent Acquisition <talent@zenithtech.co>
Reply-To: talent@zenithtech.co
Subject: Interview Invitation — Customer Support at ZenithTech

Dear Ravi,

Thank you for applying to ZenithTech. We would like to invite you for a technical interview on 2025-02-10. No fees are required at any stage.

Best regards,
Talent Team, ZenithTech",0
"Work from home opportunity! Earn ₹35000 per week. No experience, no interview — instant hire! Limited time offer. Pay processing fee ₹1400 to unlock your job kit.",1
"From: jobs@topearn.ml
Reply-To: support.jobs@yahoo.com
Subject: Work From Home Job — ₹60000/week

We are pleased to offer you a data entry position earning ₹60000 weekly. No experience needed. Pay ₹2200 to unlock your job kit: http://joboffer.top/register",1
"From: HR Team <hr@quickjobs.tk>
Reply-To: jobs.team@gmail.com
Subject: Urgent: Your Application for Software Engineer Has Been Approved!

Dear Candidate,

Congratulations! You have been shortlisted for Software Engineer. To confirm, pay ₹3300 registration fee at https://bit.ly/3xFakeSite. Offer expires in 24 hours.

Best,
HR Department",1
BrightMind is looking for a QA Engineer intern for 6 months. Stipend: ₹15000/month. You'll work on live projects with our engineering team. Apply at internshala.com or directly at hr@brightmind.in.,0
Earn ₹73000 daily from home doing simple data entry tasks. 100% placement guaranteed. Registration fee ₹1000 only. Act now!,1
Simple copy-paste jobs. Earn ₹74000 daily without any investment (almost). One-time registration fee: ₹3800. Gmail or Yahoo users preferred.,1
NextStep Solutions is looking for a HR Executive intern for 6 months. Stipend: ₹15000/month. You'll work on live projects with our engineering team. Apply at internshala.com or directly at hr@nextstep.com.,0
Exciting opportunity for a Business Development at AlphaCore. You'll collaborate with cross-functional teams to build Python solutions. 5+ years of relevant experience required. Send CV to careers@alphacore.com.,0
"We are looking for a talented Content Writer to join our team at InnoSoft. You will work on cutting-edge Cybersecurity projects. Requirements: 6 years of experience, strong problem-solving skills. Apply through our careers portal at careers.innosoft.com.",0
Join our forex trading team and earn ₹71000 daily. No experience required. Pay ₹1800 joining fee and get started today!,1
"From: jobs@topearn.ml
Reply-To: support.jobs@yahoo.com
Subject: Work From Home Job — ₹63000/week

We are pleased to offer you a data entry position earning ₹63000 weekly. No experience needed. Pay ₹1600 to unlock your job kit: https://bit.ly/3xFakeSite",1
"From: Talent Acquisition <talent@databridge.io>
Reply-To: talent@databridge.io
Subject: Interview Invitation — HR Executive at DataBridge

Dear Ananya,

Thank you for applying to DataBridge. We would like to invite you for a technical interview on 2025-02-10. No fees are required at any stage.

Best regards,
Talent Team, DataBridge",0
"From: Campus Recruitment <campus@quickhire.com>
Subject: Campus Drive — QuickHire at NIT Trichy

Dear Students,

QuickHire is conducting a recruitment drive on 2025-02-10. Shortlisted students will be notified via official college email only. No application fee is required.

Good luck!",0
